Day,Date,Slot,Asset File,Pillar,Format,Concept,Opening Hook Text,On-screen Beat 1,On-screen Beat 2,On-screen Beat 3,Pinned Comment,Upload Title,Description,Hashtags,Production Notes
1,2026-06-08,A,03_denji_heart.mp4,Chainsaw Man Reze Arc,Why this scene works,Why Denji's heart line is funny and sad at the same time,DENJI WAS NOT TALKING ABOUT POWER,State the surface-level scene in one short sentence.,Reveal the emotional or story reason the scene hits.,End with the consequence for the character or franchise.,Which scene should I explain next?,Denji's Heart Line Hits Different | Chainsaw Man Explained,Silent explainer edit: Why Denji's heart line is funny and sad at the same time. This Short adds original context and scene breakdown text.,#denji #chainsawman #animeexplained #shorts,"Use only footage you have rights to, YouTube Remix-allowed clips, or official trailer/clip snippets. Add visible original commentary text."
1,2026-06-08,B,01_date_to_devil.mp4,Chainsaw Man Reze Arc,Hidden detail you missed,Why Reze's smile is scarier than the explosion,THIS SMILE WAS THE REAL WARNING,Freeze or zoom on the exact detail viewers missed.,Explain what the detail silently tells us.,Connect it to a later payoff or theme.,Which scene should I explain next?,Reze's Smile Was the Warning | Chainsaw Man Explained,Silent explainer edit: Why Reze's smile is scarier than the explosion. This Short adds original context and scene breakdown text.,#chainsawman #reze #animeexplained #shorts,"Use only footage you have rights to, YouTube Remix-allowed clips, or official trailer/clip snippets. Add visible original commentary text."
1,2026-06-08,C,02_bomb_walked_in.mp4,Chainsaw Man Reze Arc,Character decision explained,Why the Bomb Devil entrance works before the fight starts,THE DANGER ARRIVED QUIETLY FIRST,Show the impossible choice in plain words.,Explain what the character actually wants.,Explain why the decision changes the story.,Which scene should I explain next?,Bomb Devil Walked In Smiling | Chainsaw Man Explained,Silent explainer edit: Why the Bomb Devil entrance works before the fight starts. This Short adds original context and scene breakdown text.,#bombdevil #chainsawman #animeexplained #shorts,"Use only footage you have rights to, YouTube Remix-allowed clips, or official trailer/clip snippets. Add visible original commentary text."
2,2026-06-09,A,06_city_mouse.mp4,Chainsaw Man Reze Arc,Hidden detail you missed,City mouse versus country mouse as the movie's hidden question,THIS FABLE EXPLAINS THE WHOLE MOVIE,Freeze or zoom on the exact detail viewers missed.,Explain what the detail silently tells us.,Connect it to a later payoff or theme.,Which scene should I explain next?,City Mouse vs Country Mouse | Reze Arc Explained,Silent explainer edit: City mouse versus country mouse as the movie's hidden question. This Short adds original context and scene breakdown text.,#chainsawman #reze #animeexplained #shorts,"Use only footage you have rights to, YouTube Remix-allowed clips, or official trailer/clip snippets. Add visible original commentary text."
2,2026-06-09,B,04_easy_choice.mp4,Chainsaw Man Reze Arc,Character decision explained,Why Denji's easy decision is not actually simple,KILL HER OR LET HER KILL YOU,Show the impossible choice in plain words.,Explain what the character actually wants.,Explain why the decision changes the story.,Which scene should I explain next?,Chainsaw Man Had One Brutal Choice | Reze Arc Explained,Silent explainer edit: Why Denji's easy decision is not actually simple. This Short adds original context and scene breakdown text.,#chainsawman #reze #animefight #shorts,"Use only footage you have rights to, YouTube Remix-allowed clips, or official trailer/clip snippets. Add visible original commentary text."
2,2026-06-09,C,05_run_away_together.mp4,Chainsaw Man Reze Arc,Why this scene works,Why Denji still asks Reze to run away after everything,HE STILL ASKED HER TO RUN AWAY,State the surface-level scene in one short sentence.,Reveal the emotional or story reason the scene hits.,End with the consequence for the character or franchise.,Which scene should I explain next?,He Still Asked Reze to Run Away | Chainsaw Man Explained,Silent explainer edit: Why Denji still asks Reze to run away after everything. This Short adds original context and scene breakdown text.,#denji #reze #chainsawman #shorts,"Use only footage you have rights to, YouTube Remix-allowed clips, or official trailer/clip snippets. Add visible original commentary text."
3,2026-06-10,A,To create,Chainsaw Man Reze Arc,Character decision explained,Why Reze's smile is scarier than the explosion,THIS SMILE WAS THE REAL WARNING,Show the impossible choice in plain words.,Explain what the character actually wants.,Explain why the decision changes the story.,Which scene should I explain next?,Reze's Smile Was the Warning | Chainsaw Man Explained,Silent explainer edit: Why Reze's smile is scarier than the explosion. This Short adds original context and scene breakdown text.,#chainsawman #reze #animeexplained #shorts,"Use only footage you have rights to, YouTube Remix-allowed clips, or official trailer/clip snippets. Add visible original commentary text."
3,2026-06-10,B,To create,Chainsaw Man Reze Arc,Why this scene works,Why Denji still wants someone to choose his heart,DENJI WAS NOT TALKING ABOUT POWER,State the surface-level scene in one short sentence.,Reveal the emotional or story reason the scene hits.,End with the consequence for the character or franchise.,Which scene should I explain next?,Denji's Heart Line Hits Different | Chainsaw Man Explained,Silent explainer edit: Why Denji still wants someone to choose his heart. This Short adds original context and scene breakdown text.,#denji #chainsawman #animeedit #shorts,"Use only footage you have rights to, YouTube Remix-allowed clips, or official trailer/clip snippets. Add visible original commentary text."
3,2026-06-10,C,To create,Chainsaw Man Reze Arc,Hidden detail you missed,City mouse versus country mouse as the movie's hidden question,THIS FABLE EXPLAINS THE WHOLE MOVIE,Freeze or zoom on the exact detail viewers missed.,Explain what the detail silently tells us.,Connect it to a later payoff or theme.,Which scene should I explain next?,City Mouse vs Country Mouse | Reze Arc Explained,Silent explainer edit: City mouse versus country mouse as the movie's hidden question. This Short adds original context and scene breakdown text.,#chainsawman #reze #animeexplained #shorts,"Use only footage you have rights to, YouTube Remix-allowed clips, or official trailer/clip snippets. Add visible original commentary text."
4,2026-06-11,A,To create,One Piece,Why this scene works,Why Whitebeard's final words still shake the world,ONE LINE CHANGED THE PIRATE WORLD,State the surface-level scene in one short sentence.,Reveal the emotional or story reason the scene hits.,End with the consequence for the character or franchise.,Which scene should I explain next?,Whitebeard's Final Prophecy Explained | One Piece,Silent explainer edit: Why Whitebeard's final words still shake the world. This Short adds original context and scene breakdown text.,#onepiece #whitebeard #animeexplained #shorts,"Use only footage you have rights to, YouTube Remix-allowed clips, or official trailer/clip snippets. Add visible original commentary text."
4,2026-06-11,B,To create,One Piece,Hidden detail you missed,Why Luffy's shock moments work better when everyone else reacts first,LUFFY'S POWER IS IN THE REACTION,Freeze or zoom on the exact detail viewers missed.,Explain what the detail silently tells us.,Connect it to a later payoff or theme.,Which scene should I explain next?,Why Everyone Reacting Makes Luffy Stronger | One Piece,Silent explainer edit: Why Luffy's shock moments work better when everyone else reacts first. This Short adds original context and scene breakdown text.,#luffy #onepiece #animeedit #shorts,"Use only footage you have rights to, YouTube Remix-allowed clips, or official trailer/clip snippets. Add visible original commentary text."
4,2026-06-11,C,To create,Demon Slayer Infinity Castle,Character decision explained,Why spectacle alone is not the reason Infinity Castle works,THE CASTLE IS NOT JUST A COOL BACKGROUND,Show the impossible choice in plain words.,Explain what the character actually wants.,Explain why the decision changes the story.,Which scene should I explain next?,Infinity Castle's Real Trick | Demon Slayer Explained,Silent explainer edit: Why spectacle alone is not the reason Infinity Castle works. This Short adds original context and scene breakdown text.,#demonslayer #infinitycastle #animeexplained #shorts,"Use only footage you have rights to, YouTube Remix-allowed clips, or official trailer/clip snippets. Add visible original commentary text."
5,2026-06-12,A,To create,Stranger Things,Hidden detail you missed,Why music became the perfect weapon against Vecna,THE MUSIC WAS NOT JUST NOSTALGIA,Freeze or zoom on the exact detail viewers missed.,Explain what the detail silently tells us.,Connect it to a later payoff or theme.,Which scene should I explain next?,Why Music Works Against Vecna | Stranger Things Explained,Silent explainer edit: Why music became the perfect weapon against Vecna. This Short adds original context and scene breakdown text.,#strangerthings #vecna #seriesexplained #shorts,"Use only footage you have rights to, YouTube Remix-allowed clips, or official trailer/clip snippets. Add visible original commentary text."
5,2026-06-12,B,To create,Stranger Things,Character decision explained,Why Will's quiet scenes matter more than action scenes,WILL'S SILENCE IS THE CLUE,Show the impossible choice in plain words.,Explain what the character actually wants.,Explain why the decision changes the story.,Which scene should I explain next?,Why Will's Quiet Scenes Matter | Stranger Things,Silent explainer edit: Why Will's quiet scenes matter more than action scenes. This Short adds original context and scene breakdown text.,#strangerthings #willbyers #netflix #shorts,"Use only footage you have rights to, YouTube Remix-allowed clips, or official trailer/clip snippets. Add visible original commentary text."
5,2026-06-12,C,To create,The Dark Knight,Why this scene works,Why Joker's hospital pause makes the explosion funnier and scarier,THE PAUSE MADE THIS SCENE ICONIC,State the surface-level scene in one short sentence.,Reveal the emotional or story reason the scene hits.,End with the consequence for the character or franchise.,Which scene should I explain next?,The Joker Hospital Pause Explained | The Dark Knight,Silent explainer edit: Why Joker's hospital pause makes the explosion funnier and scarier. This Short adds original context and scene breakdown text.,#thedarkknight #joker #movieexplained #shorts,"Use only footage you have rights to, YouTube Remix-allowed clips, or official trailer/clip snippets. Add visible original commentary text."
6,2026-06-13,A,To create,Batman / DC,Character decision explained,Why Batman scenes work best when the villain owns the frame,BATMAN IS NOT ALWAYS THE CENTER,Show the impossible choice in plain words.,Explain what the character actually wants.,Explain why the decision changes the story.,Which scene should I explain next?,Why Villains Steal Batman Scenes | Movie Explained,Silent explainer edit: Why Batman scenes work best when the villain owns the frame. This Short adds original context and scene breakdown text.,#batman #dc #movieexplained #shorts,"Use only footage you have rights to, YouTube Remix-allowed clips, or official trailer/clip snippets. Add visible original commentary text."
6,2026-06-13,B,To create,Gachiakuta,Why this scene works,Why the Watchman reveal works as a mystery payoff,THE REVEAL WORKED BECAUSE OF ONE SETUP,State the surface-level scene in one short sentence.,Reveal the emotional or story reason the scene hits.,End with the consequence for the character or franchise.,Which scene should I explain next?,Watchman Reveal Explained | Gachiakuta,Silent explainer edit: Why the Watchman reveal works as a mystery payoff. This Short adds original context and scene breakdown text.,#gachiakuta #animeexplained #anime #shorts,"Use only footage you have rights to, YouTube Remix-allowed clips, or official trailer/clip snippets. Add visible original commentary text."
6,2026-06-13,C,To create,June/July 2026 Movies,Hidden detail you missed,Use an official trailer moment and explain the one shot that sells the movie,THIS TRAILER SHOT IS DOING ALL THE WORK,Freeze or zoom on the exact detail viewers missed.,Explain what the detail silently tells us.,Connect it to a later payoff or theme.,Which scene should I explain next?,The Trailer Shot That Sells the Movie | Movie Explained,Silent explainer edit: Use an official trailer moment and explain the one shot that sells the movie. This Short adds original context and scene breakdown text.,#movieexplained #trailers #cinema #shorts,"Use only footage you have rights to, YouTube Remix-allowed clips, or official trailer/clip snippets. Add visible original commentary text."
7,2026-06-14,A,To create,Chainsaw Man Reze Arc,Why this scene works,Why Reze's smile is scarier than the explosion,THIS SMILE WAS THE REAL WARNING,State the surface-level scene in one short sentence.,Reveal the emotional or story reason the scene hits.,End with the consequence for the character or franchise.,Which scene should I explain next?,Reze's Smile Was the Warning | Chainsaw Man Explained,Silent explainer edit: Why Reze's smile is scarier than the explosion. This Short adds original context and scene breakdown text.,#chainsawman #reze #animeexplained #shorts,"Use only footage you have rights to, YouTube Remix-allowed clips, or official trailer/clip snippets. Add visible original commentary text."
7,2026-06-14,B,To create,Chainsaw Man Reze Arc,Hidden detail you missed,Why Denji still wants someone to choose his heart,DENJI WAS NOT TALKING ABOUT POWER,Freeze or zoom on the exact detail viewers missed.,Explain what the detail silently tells us.,Connect it to a later payoff or theme.,Which scene should I explain next?,Denji's Heart Line Hits Different | Chainsaw Man Explained,Silent explainer edit: Why Denji still wants someone to choose his heart. This Short adds original context and scene breakdown text.,#denji #chainsawman #animeedit #shorts,"Use only footage you have rights to, YouTube Remix-allowed clips, or official trailer/clip snippets. Add visible original commentary text."
7,2026-06-14,C,To create,Chainsaw Man Reze Arc,Character decision explained,City mouse versus country mouse as the movie's hidden question,THIS FABLE EXPLAINS THE WHOLE MOVIE,Show the impossible choice in plain words.,Explain what the character actually wants.,Explain why the decision changes the story.,Which scene should I explain next?,City Mouse vs Country Mouse | Reze Arc Explained,Silent explainer edit: City mouse versus country mouse as the movie's hidden question. This Short adds original context and scene breakdown text.,#chainsawman #reze #animeexplained #shorts,"Use only footage you have rights to, YouTube Remix-allowed clips, or official trailer/clip snippets. Add visible original commentary text."
8,2026-06-15,A,To create,One Piece,Hidden detail you missed,Why Whitebeard's final words still shake the world,ONE LINE CHANGED THE PIRATE WORLD,Freeze or zoom on the exact detail viewers missed.,Explain what the detail silently tells us.,Connect it to a later payoff or theme.,Which scene should I explain next?,Whitebeard's Final Prophecy Explained | One Piece,Silent explainer edit: Why Whitebeard's final words still shake the world. This Short adds original context and scene breakdown text.,#onepiece #whitebeard #animeexplained #shorts,"Use only footage you have rights to, YouTube Remix-allowed clips, or official trailer/clip snippets. Add visible original commentary text."
8,2026-06-15,B,To create,One Piece,Character decision explained,Why Luffy's shock moments work better when everyone else reacts first,LUFFY'S POWER IS IN THE REACTION,Show the impossible choice in plain words.,Explain what the character actually wants.,Explain why the decision changes the story.,Which scene should I explain next?,Why Everyone Reacting Makes Luffy Stronger | One Piece,Silent explainer edit: Why Luffy's shock moments work better when everyone else reacts first. This Short adds original context and scene breakdown text.,#luffy #onepiece #animeedit #shorts,"Use only footage you have rights to, YouTube Remix-allowed clips, or official trailer/clip snippets. Add visible original commentary text."
8,2026-06-15,C,To create,Demon Slayer Infinity Castle,Why this scene works,Why spectacle alone is not the reason Infinity Castle works,THE CASTLE IS NOT JUST A COOL BACKGROUND,State the surface-level scene in one short sentence.,Reveal the emotional or story reason the scene hits.,End with the consequence for the character or franchise.,Which scene should I explain next?,Infinity Castle's Real Trick | Demon Slayer Explained,Silent explainer edit: Why spectacle alone is not the reason Infinity Castle works. This Short adds original context and scene breakdown text.,#demonslayer #infinitycastle #animeexplained #shorts,"Use only footage you have rights to, YouTube Remix-allowed clips, or official trailer/clip snippets. Add visible original commentary text."
9,2026-06-16,A,To create,Stranger Things,Character decision explained,Why music became the perfect weapon against Vecna,THE MUSIC WAS NOT JUST NOSTALGIA,Show the impossible choice in plain words.,Explain what the character actually wants.,Explain why the decision changes the story.,Which scene should I explain next?,Why Music Works Against Vecna | Stranger Things Explained,Silent explainer edit: Why music became the perfect weapon against Vecna. This Short adds original context and scene breakdown text.,#strangerthings #vecna #seriesexplained #shorts,"Use only footage you have rights to, YouTube Remix-allowed clips, or official trailer/clip snippets. Add visible original commentary text."
9,2026-06-16,B,To create,Stranger Things,Why this scene works,Why Will's quiet scenes matter more than action scenes,WILL'S SILENCE IS THE CLUE,State the surface-level scene in one short sentence.,Reveal the emotional or story reason the scene hits.,End with the consequence for the character or franchise.,Which scene should I explain next?,Why Will's Quiet Scenes Matter | Stranger Things,Silent explainer edit: Why Will's quiet scenes matter more than action scenes. This Short adds original context and scene breakdown text.,#strangerthings #willbyers #netflix #shorts,"Use only footage you have rights to, YouTube Remix-allowed clips, or official trailer/clip snippets. Add visible original commentary text."
9,2026-06-16,C,To create,The Dark Knight,Hidden detail you missed,Why Joker's hospital pause makes the explosion funnier and scarier,THE PAUSE MADE THIS SCENE ICONIC,Freeze or zoom on the exact detail viewers missed.,Explain what the detail silently tells us.,Connect it to a later payoff or theme.,Which scene should I explain next?,The Joker Hospital Pause Explained | The Dark Knight,Silent explainer edit: Why Joker's hospital pause makes the explosion funnier and scarier. This Short adds original context and scene breakdown text.,#thedarkknight #joker #movieexplained #shorts,"Use only footage you have rights to, YouTube Remix-allowed clips, or official trailer/clip snippets. Add visible original commentary text."
10,2026-06-17,A,To create,Batman / DC,Why this scene works,Why Batman scenes work best when the villain owns the frame,BATMAN IS NOT ALWAYS THE CENTER,State the surface-level scene in one short sentence.,Reveal the emotional or story reason the scene hits.,End with the consequence for the character or franchise.,Which scene should I explain next?,Why Villains Steal Batman Scenes | Movie Explained,Silent explainer edit: Why Batman scenes work best when the villain owns the frame. This Short adds original context and scene breakdown text.,#batman #dc #movieexplained #shorts,"Use only footage you have rights to, YouTube Remix-allowed clips, or official trailer/clip snippets. Add visible original commentary text."
10,2026-06-17,B,To create,Gachiakuta,Hidden detail you missed,Why the Watchman reveal works as a mystery payoff,THE REVEAL WORKED BECAUSE OF ONE SETUP,Freeze or zoom on the exact detail viewers missed.,Explain what the detail silently tells us.,Connect it to a later payoff or theme.,Which scene should I explain next?,Watchman Reveal Explained | Gachiakuta,Silent explainer edit: Why the Watchman reveal works as a mystery payoff. This Short adds original context and scene breakdown text.,#gachiakuta #animeexplained #anime #shorts,"Use only footage you have rights to, YouTube Remix-allowed clips, or official trailer/clip snippets. Add visible original commentary text."
10,2026-06-17,C,To create,June/July 2026 Movies,Character decision explained,Use an official trailer moment and explain the one shot that sells the movie,THIS TRAILER SHOT IS DOING ALL THE WORK,Show the impossible choice in plain words.,Explain what the character actually wants.,Explain why the decision changes the story.,Which scene should I explain next?,The Trailer Shot That Sells the Movie | Movie Explained,Silent explainer edit: Use an official trailer moment and explain the one shot that sells the movie. This Short adds original context and scene breakdown text.,#movieexplained #trailers #cinema #shorts,"Use only footage you have rights to, YouTube Remix-allowed clips, or official trailer/clip snippets. Add visible original commentary text."
11,2026-06-18,A,To create,Chainsaw Man Reze Arc,Hidden detail you missed,Why Reze's smile is scarier than the explosion,THIS SMILE WAS THE REAL WARNING,Freeze or zoom on the exact detail viewers missed.,Explain what the detail silently tells us.,Connect it to a later payoff or theme.,Which scene should I explain next?,Reze's Smile Was the Warning | Chainsaw Man Explained,Silent explainer edit: Why Reze's smile is scarier than the explosion. This Short adds original context and scene breakdown text.,#chainsawman #reze #animeexplained #shorts,"Use only footage you have rights to, YouTube Remix-allowed clips, or official trailer/clip snippets. Add visible original commentary text."
11,2026-06-18,B,To create,Chainsaw Man Reze Arc,Character decision explained,Why Denji still wants someone to choose his heart,DENJI WAS NOT TALKING ABOUT POWER,Show the impossible choice in plain words.,Explain what the character actually wants.,Explain why the decision changes the story.,Which scene should I explain next?,Denji's Heart Line Hits Different | Chainsaw Man Explained,Silent explainer edit: Why Denji still wants someone to choose his heart. This Short adds original context and scene breakdown text.,#denji #chainsawman #animeedit #shorts,"Use only footage you have rights to, YouTube Remix-allowed clips, or official trailer/clip snippets. Add visible original commentary text."
11,2026-06-18,C,To create,Chainsaw Man Reze Arc,Why this scene works,City mouse versus country mouse as the movie's hidden question,THIS FABLE EXPLAINS THE WHOLE MOVIE,State the surface-level scene in one short sentence.,Reveal the emotional or story reason the scene hits.,End with the consequence for the character or franchise.,Which scene should I explain next?,City Mouse vs Country Mouse | Reze Arc Explained,Silent explainer edit: City mouse versus country mouse as the movie's hidden question. This Short adds original context and scene breakdown text.,#chainsawman #reze #animeexplained #shorts,"Use only footage you have rights to, YouTube Remix-allowed clips, or official trailer/clip snippets. Add visible original commentary text."
12,2026-06-19,A,To create,One Piece,Character decision explained,Why Whitebeard's final words still shake the world,ONE LINE CHANGED THE PIRATE WORLD,Show the impossible choice in plain words.,Explain what the character actually wants.,Explain why the decision changes the story.,Which scene should I explain next?,Whitebeard's Final Prophecy Explained | One Piece,Silent explainer edit: Why Whitebeard's final words still shake the world. This Short adds original context and scene breakdown text.,#onepiece #whitebeard #animeexplained #shorts,"Use only footage you have rights to, YouTube Remix-allowed clips, or official trailer/clip snippets. Add visible original commentary text."
12,2026-06-19,B,To create,One Piece,Why this scene works,Why Luffy's shock moments work better when everyone else reacts first,LUFFY'S POWER IS IN THE REACTION,State the surface-level scene in one short sentence.,Reveal the emotional or story reason the scene hits.,End with the consequence for the character or franchise.,Which scene should I explain next?,Why Everyone Reacting Makes Luffy Stronger | One Piece,Silent explainer edit: Why Luffy's shock moments work better when everyone else reacts first. This Short adds original context and scene breakdown text.,#luffy #onepiece #animeedit #shorts,"Use only footage you have rights to, YouTube Remix-allowed clips, or official trailer/clip snippets. Add visible original commentary text."
12,2026-06-19,C,To create,Demon Slayer Infinity Castle,Hidden detail you missed,Why spectacle alone is not the reason Infinity Castle works,THE CASTLE IS NOT JUST A COOL BACKGROUND,Freeze or zoom on the exact detail viewers missed.,Explain what the detail silently tells us.,Connect it to a later payoff or theme.,Which scene should I explain next?,Infinity Castle's Real Trick | Demon Slayer Explained,Silent explainer edit: Why spectacle alone is not the reason Infinity Castle works. This Short adds original context and scene breakdown text.,#demonslayer #infinitycastle #animeexplained #shorts,"Use only footage you have rights to, YouTube Remix-allowed clips, or official trailer/clip snippets. Add visible original commentary text."
13,2026-06-20,A,To create,Stranger Things,Why this scene works,Why music became the perfect weapon against Vecna,THE MUSIC WAS NOT JUST NOSTALGIA,State the surface-level scene in one short sentence.,Reveal the emotional or story reason the scene hits.,End with the consequence for the character or franchise.,Which scene should I explain next?,Why Music Works Against Vecna | Stranger Things Explained,Silent explainer edit: Why music became the perfect weapon against Vecna. This Short adds original context and scene breakdown text.,#strangerthings #vecna #seriesexplained #shorts,"Use only footage you have rights to, YouTube Remix-allowed clips, or official trailer/clip snippets. Add visible original commentary text."
13,2026-06-20,B,To create,Stranger Things,Hidden detail you missed,Why Will's quiet scenes matter more than action scenes,WILL'S SILENCE IS THE CLUE,Freeze or zoom on the exact detail viewers missed.,Explain what the detail silently tells us.,Connect it to a later payoff or theme.,Which scene should I explain next?,Why Will's Quiet Scenes Matter | Stranger Things,Silent explainer edit: Why Will's quiet scenes matter more than action scenes. This Short adds original context and scene breakdown text.,#strangerthings #willbyers #netflix #shorts,"Use only footage you have rights to, YouTube Remix-allowed clips, or official trailer/clip snippets. Add visible original commentary text."
13,2026-06-20,C,To create,The Dark Knight,Character decision explained,Why Joker's hospital pause makes the explosion funnier and scarier,THE PAUSE MADE THIS SCENE ICONIC,Show the impossible choice in plain words.,Explain what the character actually wants.,Explain why the decision changes the story.,Which scene should I explain next?,The Joker Hospital Pause Explained | The Dark Knight,Silent explainer edit: Why Joker's hospital pause makes the explosion funnier and scarier. This Short adds original context and scene breakdown text.,#thedarkknight #joker #movieexplained #shorts,"Use only footage you have rights to, YouTube Remix-allowed clips, or official trailer/clip snippets. Add visible original commentary text."
14,2026-06-21,A,To create,Batman / DC,Hidden detail you missed,Why Batman scenes work best when the villain owns the frame,BATMAN IS NOT ALWAYS THE CENTER,Freeze or zoom on the exact detail viewers missed.,Explain what the detail silently tells us.,Connect it to a later payoff or theme.,Which scene should I explain next?,Why Villains Steal Batman Scenes | Movie Explained,Silent explainer edit: Why Batman scenes work best when the villain owns the frame. This Short adds original context and scene breakdown text.,#batman #dc #movieexplained #shorts,"Use only footage you have rights to, YouTube Remix-allowed clips, or official trailer/clip snippets. Add visible original commentary text."
14,2026-06-21,B,To create,Gachiakuta,Character decision explained,Why the Watchman reveal works as a mystery payoff,THE REVEAL WORKED BECAUSE OF ONE SETUP,Show the impossible choice in plain words.,Explain what the character actually wants.,Explain why the decision changes the story.,Which scene should I explain next?,Watchman Reveal Explained | Gachiakuta,Silent explainer edit: Why the Watchman reveal works as a mystery payoff. This Short adds original context and scene breakdown text.,#gachiakuta #animeexplained #anime #shorts,"Use only footage you have rights to, YouTube Remix-allowed clips, or official trailer/clip snippets. Add visible original commentary text."
14,2026-06-21,C,To create,June/July 2026 Movies,Why this scene works,Use an official trailer moment and explain the one shot that sells the movie,THIS TRAILER SHOT IS DOING ALL THE WORK,State the surface-level scene in one short sentence.,Reveal the emotional or story reason the scene hits.,End with the consequence for the character or franchise.,Which scene should I explain next?,The Trailer Shot That Sells the Movie | Movie Explained,Silent explainer edit: Use an official trailer moment and explain the one shot that sells the movie. This Short adds original context and scene breakdown text.,#movieexplained #trailers #cinema #shorts,"Use only footage you have rights to, YouTube Remix-allowed clips, or official trailer/clip snippets. Add visible original commentary text."
15,2026-06-22,A,To create,Chainsaw Man Reze Arc,Character decision explained,Why Reze's smile is scarier than the explosion,THIS SMILE WAS THE REAL WARNING,Show the impossible choice in plain words.,Explain what the character actually wants.,Explain why the decision changes the story.,Which scene should I explain next?,Reze's Smile Was the Warning | Chainsaw Man Explained,Silent explainer edit: Why Reze's smile is scarier than the explosion. This Short adds original context and scene breakdown text.,#chainsawman #reze #animeexplained #shorts,"Use only footage you have rights to, YouTube Remix-allowed clips, or official trailer/clip snippets. Add visible original commentary text."
15,2026-06-22,B,To create,Chainsaw Man Reze Arc,Why this scene works,Why Denji still wants someone to choose his heart,DENJI WAS NOT TALKING ABOUT POWER,State the surface-level scene in one short sentence.,Reveal the emotional or story reason the scene hits.,End with the consequence for the character or franchise.,Which scene should I explain next?,Denji's Heart Line Hits Different | Chainsaw Man Explained,Silent explainer edit: Why Denji still wants someone to choose his heart. This Short adds original context and scene breakdown text.,#denji #chainsawman #animeedit #shorts,"Use only footage you have rights to, YouTube Remix-allowed clips, or official trailer/clip snippets. Add visible original commentary text."
15,2026-06-22,C,To create,Chainsaw Man Reze Arc,Hidden detail you missed,City mouse versus country mouse as the movie's hidden question,THIS FABLE EXPLAINS THE WHOLE MOVIE,Freeze or zoom on the exact detail viewers missed.,Explain what the detail silently tells us.,Connect it to a later payoff or theme.,Which scene should I explain next?,City Mouse vs Country Mouse | Reze Arc Explained,Silent explainer edit: City mouse versus country mouse as the movie's hidden question. This Short adds original context and scene breakdown text.,#chainsawman #reze #animeexplained #shorts,"Use only footage you have rights to, YouTube Remix-allowed clips, or official trailer/clip snippets. Add visible original commentary text."
16,2026-06-23,A,To create,One Piece,Why this scene works,Why Whitebeard's final words still shake the world,ONE LINE CHANGED THE PIRATE WORLD,State the surface-level scene in one short sentence.,Reveal the emotional or story reason the scene hits.,End with the consequence for the character or franchise.,Which scene should I explain next?,Whitebeard's Final Prophecy Explained | One Piece,Silent explainer edit: Why Whitebeard's final words still shake the world. This Short adds original context and scene breakdown text.,#onepiece #whitebeard #animeexplained #shorts,"Use only footage you have rights to, YouTube Remix-allowed clips, or official trailer/clip snippets. Add visible original commentary text."
16,2026-06-23,B,To create,One Piece,Hidden detail you missed,Why Luffy's shock moments work better when everyone else reacts first,LUFFY'S POWER IS IN THE REACTION,Freeze or zoom on the exact detail viewers missed.,Explain what the detail silently tells us.,Connect it to a later payoff or theme.,Which scene should I explain next?,Why Everyone Reacting Makes Luffy Stronger | One Piece,Silent explainer edit: Why Luffy's shock moments work better when everyone else reacts first. This Short adds original context and scene breakdown text.,#luffy #onepiece #animeedit #shorts,"Use only footage you have rights to, YouTube Remix-allowed clips, or official trailer/clip snippets. Add visible original commentary text."
16,2026-06-23,C,To create,Demon Slayer Infinity Castle,Character decision explained,Why spectacle alone is not the reason Infinity Castle works,THE CASTLE IS NOT JUST A COOL BACKGROUND,Show the impossible choice in plain words.,Explain what the character actually wants.,Explain why the decision changes the story.,Which scene should I explain next?,Infinity Castle's Real Trick | Demon Slayer Explained,Silent explainer edit: Why spectacle alone is not the reason Infinity Castle works. This Short adds original context and scene breakdown text.,#demonslayer #infinitycastle #animeexplained #shorts,"Use only footage you have rights to, YouTube Remix-allowed clips, or official trailer/clip snippets. Add visible original commentary text."
17,2026-06-24,A,To create,Stranger Things,Hidden detail you missed,Why music became the perfect weapon against Vecna,THE MUSIC WAS NOT JUST NOSTALGIA,Freeze or zoom on the exact detail viewers missed.,Explain what the detail silently tells us.,Connect it to a later payoff or theme.,Which scene should I explain next?,Why Music Works Against Vecna | Stranger Things Explained,Silent explainer edit: Why music became the perfect weapon against Vecna. This Short adds original context and scene breakdown text.,#strangerthings #vecna #seriesexplained #shorts,"Use only footage you have rights to, YouTube Remix-allowed clips, or official trailer/clip snippets. Add visible original commentary text."
17,2026-06-24,B,To create,Stranger Things,Character decision explained,Why Will's quiet scenes matter more than action scenes,WILL'S SILENCE IS THE CLUE,Show the impossible choice in plain words.,Explain what the character actually wants.,Explain why the decision changes the story.,Which scene should I explain next?,Why Will's Quiet Scenes Matter | Stranger Things,Silent explainer edit: Why Will's quiet scenes matter more than action scenes. This Short adds original context and scene breakdown text.,#strangerthings #willbyers #netflix #shorts,"Use only footage you have rights to, YouTube Remix-allowed clips, or official trailer/clip snippets. Add visible original commentary text."
17,2026-06-24,C,To create,The Dark Knight,Why this scene works,Why Joker's hospital pause makes the explosion funnier and scarier,THE PAUSE MADE THIS SCENE ICONIC,State the surface-level scene in one short sentence.,Reveal the emotional or story reason the scene hits.,End with the consequence for the character or franchise.,Which scene should I explain next?,The Joker Hospital Pause Explained | The Dark Knight,Silent explainer edit: Why Joker's hospital pause makes the explosion funnier and scarier. This Short adds original context and scene breakdown text.,#thedarkknight #joker #movieexplained #shorts,"Use only footage you have rights to, YouTube Remix-allowed clips, or official trailer/clip snippets. Add visible original commentary text."
18,2026-06-25,A,To create,Batman / DC,Character decision explained,Why Batman scenes work best when the villain owns the frame,BATMAN IS NOT ALWAYS THE CENTER,Show the impossible choice in plain words.,Explain what the character actually wants.,Explain why the decision changes the story.,Which scene should I explain next?,Why Villains Steal Batman Scenes | Movie Explained,Silent explainer edit: Why Batman scenes work best when the villain owns the frame. This Short adds original context and scene breakdown text.,#batman #dc #movieexplained #shorts,"Use only footage you have rights to, YouTube Remix-allowed clips, or official trailer/clip snippets. Add visible original commentary text."
18,2026-06-25,B,To create,Gachiakuta,Why this scene works,Why the Watchman reveal works as a mystery payoff,THE REVEAL WORKED BECAUSE OF ONE SETUP,State the surface-level scene in one short sentence.,Reveal the emotional or story reason the scene hits.,End with the consequence for the character or franchise.,Which scene should I explain next?,Watchman Reveal Explained | Gachiakuta,Silent explainer edit: Why the Watchman reveal works as a mystery payoff. This Short adds original context and scene breakdown text.,#gachiakuta #animeexplained #anime #shorts,"Use only footage you have rights to, YouTube Remix-allowed clips, or official trailer/clip snippets. Add visible original commentary text."
18,2026-06-25,C,To create,June/July 2026 Movies,Hidden detail you missed,Use an official trailer moment and explain the one shot that sells the movie,THIS TRAILER SHOT IS DOING ALL THE WORK,Freeze or zoom on the exact detail viewers missed.,Explain what the detail silently tells us.,Connect it to a later payoff or theme.,Which scene should I explain next?,The Trailer Shot That Sells the Movie | Movie Explained,Silent explainer edit: Use an official trailer moment and explain the one shot that sells the movie. This Short adds original context and scene breakdown text.,#movieexplained #trailers #cinema #shorts,"Use only footage you have rights to, YouTube Remix-allowed clips, or official trailer/clip snippets. Add visible original commentary text."
19,2026-06-26,A,To create,Chainsaw Man Reze Arc,Why this scene works,Why Reze's smile is scarier than the explosion,THIS SMILE WAS THE REAL WARNING,State the surface-level scene in one short sentence.,Reveal the emotional or story reason the scene hits.,End with the consequence for the character or franchise.,Which scene should I explain next?,Reze's Smile Was the Warning | Chainsaw Man Explained,Silent explainer edit: Why Reze's smile is scarier than the explosion. This Short adds original context and scene breakdown text.,#chainsawman #reze #animeexplained #shorts,"Use only footage you have rights to, YouTube Remix-allowed clips, or official trailer/clip snippets. Add visible original commentary text."
19,2026-06-26,B,To create,Chainsaw Man Reze Arc,Hidden detail you missed,Why Denji still wants someone to choose his heart,DENJI WAS NOT TALKING ABOUT POWER,Freeze or zoom on the exact detail viewers missed.,Explain what the detail silently tells us.,Connect it to a later payoff or theme.,Which scene should I explain next?,Denji's Heart Line Hits Different | Chainsaw Man Explained,Silent explainer edit: Why Denji still wants someone to choose his heart. This Short adds original context and scene breakdown text.,#denji #chainsawman #animeedit #shorts,"Use only footage you have rights to, YouTube Remix-allowed clips, or official trailer/clip snippets. Add visible original commentary text."
19,2026-06-26,C,To create,Chainsaw Man Reze Arc,Character decision explained,City mouse versus country mouse as the movie's hidden question,THIS FABLE EXPLAINS THE WHOLE MOVIE,Show the impossible choice in plain words.,Explain what the character actually wants.,Explain why the decision changes the story.,Which scene should I explain next?,City Mouse vs Country Mouse | Reze Arc Explained,Silent explainer edit: City mouse versus country mouse as the movie's hidden question. This Short adds original context and scene breakdown text.,#chainsawman #reze #animeexplained #shorts,"Use only footage you have rights to, YouTube Remix-allowed clips, or official trailer/clip snippets. Add visible original commentary text."
20,2026-06-27,A,To create,One Piece,Hidden detail you missed,Why Whitebeard's final words still shake the world,ONE LINE CHANGED THE PIRATE WORLD,Freeze or zoom on the exact detail viewers missed.,Explain what the detail silently tells us.,Connect it to a later payoff or theme.,Which scene should I explain next?,Whitebeard's Final Prophecy Explained | One Piece,Silent explainer edit: Why Whitebeard's final words still shake the world. This Short adds original context and scene breakdown text.,#onepiece #whitebeard #animeexplained #shorts,"Use only footage you have rights to, YouTube Remix-allowed clips, or official trailer/clip snippets. Add visible original commentary text."
20,2026-06-27,B,To create,One Piece,Character decision explained,Why Luffy's shock moments work better when everyone else reacts first,LUFFY'S POWER IS IN THE REACTION,Show the impossible choice in plain words.,Explain what the character actually wants.,Explain why the decision changes the story.,Which scene should I explain next?,Why Everyone Reacting Makes Luffy Stronger | One Piece,Silent explainer edit: Why Luffy's shock moments work better when everyone else reacts first. This Short adds original context and scene breakdown text.,#luffy #onepiece #animeedit #shorts,"Use only footage you have rights to, YouTube Remix-allowed clips, or official trailer/clip snippets. Add visible original commentary text."
20,2026-06-27,C,To create,Demon Slayer Infinity Castle,Why this scene works,Why spectacle alone is not the reason Infinity Castle works,THE CASTLE IS NOT JUST A COOL BACKGROUND,State the surface-level scene in one short sentence.,Reveal the emotional or story reason the scene hits.,End with the consequence for the character or franchise.,Which scene should I explain next?,Infinity Castle's Real Trick | Demon Slayer Explained,Silent explainer edit: Why spectacle alone is not the reason Infinity Castle works. This Short adds original context and scene breakdown text.,#demonslayer #infinitycastle #animeexplained #shorts,"Use only footage you have rights to, YouTube Remix-allowed clips, or official trailer/clip snippets. Add visible original commentary text."
21,2026-06-28,A,To create,Stranger Things,Character decision explained,Why music became the perfect weapon against Vecna,THE MUSIC WAS NOT JUST NOSTALGIA,Show the impossible choice in plain words.,Explain what the character actually wants.,Explain why the decision changes the story.,Which scene should I explain next?,Why Music Works Against Vecna | Stranger Things Explained,Silent explainer edit: Why music became the perfect weapon against Vecna. This Short adds original context and scene breakdown text.,#strangerthings #vecna #seriesexplained #shorts,"Use only footage you have rights to, YouTube Remix-allowed clips, or official trailer/clip snippets. Add visible original commentary text."
21,2026-06-28,B,To create,Stranger Things,Why this scene works,Why Will's quiet scenes matter more than action scenes,WILL'S SILENCE IS THE CLUE,State the surface-level scene in one short sentence.,Reveal the emotional or story reason the scene hits.,End with the consequence for the character or franchise.,Which scene should I explain next?,Why Will's Quiet Scenes Matter | Stranger Things,Silent explainer edit: Why Will's quiet scenes matter more than action scenes. This Short adds original context and scene breakdown text.,#strangerthings #willbyers #netflix #shorts,"Use only footage you have rights to, YouTube Remix-allowed clips, or official trailer/clip snippets. Add visible original commentary text."
21,2026-06-28,C,To create,The Dark Knight,Hidden detail you missed,Why Joker's hospital pause makes the explosion funnier and scarier,THE PAUSE MADE THIS SCENE ICONIC,Freeze or zoom on the exact detail viewers missed.,Explain what the detail silently tells us.,Connect it to a later payoff or theme.,Which scene should I explain next?,The Joker Hospital Pause Explained | The Dark Knight,Silent explainer edit: Why Joker's hospital pause makes the explosion funnier and scarier. This Short adds original context and scene breakdown text.,#thedarkknight #joker #movieexplained #shorts,"Use only footage you have rights to, YouTube Remix-allowed clips, or official trailer/clip snippets. Add visible original commentary text."
22,2026-06-29,A,To create,Batman / DC,Why this scene works,Why Batman scenes work best when the villain owns the frame,BATMAN IS NOT ALWAYS THE CENTER,State the surface-level scene in one short sentence.,Reveal the emotional or story reason the scene hits.,End with the consequence for the character or franchise.,Which scene should I explain next?,Why Villains Steal Batman Scenes | Movie Explained,Silent explainer edit: Why Batman scenes work best when the villain owns the frame. This Short adds original context and scene breakdown text.,#batman #dc #movieexplained #shorts,"Use only footage you have rights to, YouTube Remix-allowed clips, or official trailer/clip snippets. Add visible original commentary text."
22,2026-06-29,B,To create,Gachiakuta,Hidden detail you missed,Why the Watchman reveal works as a mystery payoff,THE REVEAL WORKED BECAUSE OF ONE SETUP,Freeze or zoom on the exact detail viewers missed.,Explain what the detail silently tells us.,Connect it to a later payoff or theme.,Which scene should I explain next?,Watchman Reveal Explained | Gachiakuta,Silent explainer edit: Why the Watchman reveal works as a mystery payoff. This Short adds original context and scene breakdown text.,#gachiakuta #animeexplained #anime #shorts,"Use only footage you have rights to, YouTube Remix-allowed clips, or official trailer/clip snippets. Add visible original commentary text."
22,2026-06-29,C,To create,June/July 2026 Movies,Character decision explained,Use an official trailer moment and explain the one shot that sells the movie,THIS TRAILER SHOT IS DOING ALL THE WORK,Show the impossible choice in plain words.,Explain what the character actually wants.,Explain why the decision changes the story.,Which scene should I explain next?,The Trailer Shot That Sells the Movie | Movie Explained,Silent explainer edit: Use an official trailer moment and explain the one shot that sells the movie. This Short adds original context and scene breakdown text.,#movieexplained #trailers #cinema #shorts,"Use only footage you have rights to, YouTube Remix-allowed clips, or official trailer/clip snippets. Add visible original commentary text."
23,2026-06-30,A,To create,Chainsaw Man Reze Arc,Hidden detail you missed,Why Reze's smile is scarier than the explosion,THIS SMILE WAS THE REAL WARNING,Freeze or zoom on the exact detail viewers missed.,Explain what the detail silently tells us.,Connect it to a later payoff or theme.,Which scene should I explain next?,Reze's Smile Was the Warning | Chainsaw Man Explained,Silent explainer edit: Why Reze's smile is scarier than the explosion. This Short adds original context and scene breakdown text.,#chainsawman #reze #animeexplained #shorts,"Use only footage you have rights to, YouTube Remix-allowed clips, or official trailer/clip snippets. Add visible original commentary text."
23,2026-06-30,B,To create,Chainsaw Man Reze Arc,Character decision explained,Why Denji still wants someone to choose his heart,DENJI WAS NOT TALKING ABOUT POWER,Show the impossible choice in plain words.,Explain what the character actually wants.,Explain why the decision changes the story.,Which scene should I explain next?,Denji's Heart Line Hits Different | Chainsaw Man Explained,Silent explainer edit: Why Denji still wants someone to choose his heart. This Short adds original context and scene breakdown text.,#denji #chainsawman #animeedit #shorts,"Use only footage you have rights to, YouTube Remix-allowed clips, or official trailer/clip snippets. Add visible original commentary text."
23,2026-06-30,C,To create,Chainsaw Man Reze Arc,Why this scene works,City mouse versus country mouse as the movie's hidden question,THIS FABLE EXPLAINS THE WHOLE MOVIE,State the surface-level scene in one short sentence.,Reveal the emotional or story reason the scene hits.,End with the consequence for the character or franchise.,Which scene should I explain next?,City Mouse vs Country Mouse | Reze Arc Explained,Silent explainer edit: City mouse versus country mouse as the movie's hidden question. This Short adds original context and scene breakdown text.,#chainsawman #reze #animeexplained #shorts,"Use only footage you have rights to, YouTube Remix-allowed clips, or official trailer/clip snippets. Add visible original commentary text."
24,2026-07-01,A,To create,One Piece,Character decision explained,Why Whitebeard's final words still shake the world,ONE LINE CHANGED THE PIRATE WORLD,Show the impossible choice in plain words.,Explain what the character actually wants.,Explain why the decision changes the story.,Which scene should I explain next?,Whitebeard's Final Prophecy Explained | One Piece,Silent explainer edit: Why Whitebeard's final words still shake the world. This Short adds original context and scene breakdown text.,#onepiece #whitebeard #animeexplained #shorts,"Use only footage you have rights to, YouTube Remix-allowed clips, or official trailer/clip snippets. Add visible original commentary text."
24,2026-07-01,B,To create,One Piece,Why this scene works,Why Luffy's shock moments work better when everyone else reacts first,LUFFY'S POWER IS IN THE REACTION,State the surface-level scene in one short sentence.,Reveal the emotional or story reason the scene hits.,End with the consequence for the character or franchise.,Which scene should I explain next?,Why Everyone Reacting Makes Luffy Stronger | One Piece,Silent explainer edit: Why Luffy's shock moments work better when everyone else reacts first. This Short adds original context and scene breakdown text.,#luffy #onepiece #animeedit #shorts,"Use only footage you have rights to, YouTube Remix-allowed clips, or official trailer/clip snippets. Add visible original commentary text."
24,2026-07-01,C,To create,Demon Slayer Infinity Castle,Hidden detail you missed,Why spectacle alone is not the reason Infinity Castle works,THE CASTLE IS NOT JUST A COOL BACKGROUND,Freeze or zoom on the exact detail viewers missed.,Explain what the detail silently tells us.,Connect it to a later payoff or theme.,Which scene should I explain next?,Infinity Castle's Real Trick | Demon Slayer Explained,Silent explainer edit: Why spectacle alone is not the reason Infinity Castle works. This Short adds original context and scene breakdown text.,#demonslayer #infinitycastle #animeexplained #shorts,"Use only footage you have rights to, YouTube Remix-allowed clips, or official trailer/clip snippets. Add visible original commentary text."
25,2026-07-02,A,To create,Stranger Things,Why this scene works,Why music became the perfect weapon against Vecna,THE MUSIC WAS NOT JUST NOSTALGIA,State the surface-level scene in one short sentence.,Reveal the emotional or story reason the scene hits.,End with the consequence for the character or franchise.,Which scene should I explain next?,Why Music Works Against Vecna | Stranger Things Explained,Silent explainer edit: Why music became the perfect weapon against Vecna. This Short adds original context and scene breakdown text.,#strangerthings #vecna #seriesexplained #shorts,"Use only footage you have rights to, YouTube Remix-allowed clips, or official trailer/clip snippets. Add visible original commentary text."
25,2026-07-02,B,To create,Stranger Things,Hidden detail you missed,Why Will's quiet scenes matter more than action scenes,WILL'S SILENCE IS THE CLUE,Freeze or zoom on the exact detail viewers missed.,Explain what the detail silently tells us.,Connect it to a later payoff or theme.,Which scene should I explain next?,Why Will's Quiet Scenes Matter | Stranger Things,Silent explainer edit: Why Will's quiet scenes matter more than action scenes. This Short adds original context and scene breakdown text.,#strangerthings #willbyers #netflix #shorts,"Use only footage you have rights to, YouTube Remix-allowed clips, or official trailer/clip snippets. Add visible original commentary text."
25,2026-07-02,C,To create,The Dark Knight,Character decision explained,Why Joker's hospital pause makes the explosion funnier and scarier,THE PAUSE MADE THIS SCENE ICONIC,Show the impossible choice in plain words.,Explain what the character actually wants.,Explain why the decision changes the story.,Which scene should I explain next?,The Joker Hospital Pause Explained | The Dark Knight,Silent explainer edit: Why Joker's hospital pause makes the explosion funnier and scarier. This Short adds original context and scene breakdown text.,#thedarkknight #joker #movieexplained #shorts,"Use only footage you have rights to, YouTube Remix-allowed clips, or official trailer/clip snippets. Add visible original commentary text."
26,2026-07-03,A,To create,Batman / DC,Hidden detail you missed,Why Batman scenes work best when the villain owns the frame,BATMAN IS NOT ALWAYS THE CENTER,Freeze or zoom on the exact detail viewers missed.,Explain what the detail silently tells us.,Connect it to a later payoff or theme.,Which scene should I explain next?,Why Villains Steal Batman Scenes | Movie Explained,Silent explainer edit: Why Batman scenes work best when the villain owns the frame. This Short adds original context and scene breakdown text.,#batman #dc #movieexplained #shorts,"Use only footage you have rights to, YouTube Remix-allowed clips, or official trailer/clip snippets. Add visible original commentary text."
26,2026-07-03,B,To create,Gachiakuta,Character decision explained,Why the Watchman reveal works as a mystery payoff,THE REVEAL WORKED BECAUSE OF ONE SETUP,Show the impossible choice in plain words.,Explain what the character actually wants.,Explain why the decision changes the story.,Which scene should I explain next?,Watchman Reveal Explained | Gachiakuta,Silent explainer edit: Why the Watchman reveal works as a mystery payoff. This Short adds original context and scene breakdown text.,#gachiakuta #animeexplained #anime #shorts,"Use only footage you have rights to, YouTube Remix-allowed clips, or official trailer/clip snippets. Add visible original commentary text."
26,2026-07-03,C,To create,June/July 2026 Movies,Why this scene works,Use an official trailer moment and explain the one shot that sells the movie,THIS TRAILER SHOT IS DOING ALL THE WORK,State the surface-level scene in one short sentence.,Reveal the emotional or story reason the scene hits.,End with the consequence for the character or franchise.,Which scene should I explain next?,The Trailer Shot That Sells the Movie | Movie Explained,Silent explainer edit: Use an official trailer moment and explain the one shot that sells the movie. This Short adds original context and scene breakdown text.,#movieexplained #trailers #cinema #shorts,"Use only footage you have rights to, YouTube Remix-allowed clips, or official trailer/clip snippets. Add visible original commentary text."
27,2026-07-04,A,To create,Chainsaw Man Reze Arc,Character decision explained,Why Reze's smile is scarier than the explosion,THIS SMILE WAS THE REAL WARNING,Show the impossible choice in plain words.,Explain what the character actually wants.,Explain why the decision changes the story.,Which scene should I explain next?,Reze's Smile Was the Warning | Chainsaw Man Explained,Silent explainer edit: Why Reze's smile is scarier than the explosion. This Short adds original context and scene breakdown text.,#chainsawman #reze #animeexplained #shorts,"Use only footage you have rights to, YouTube Remix-allowed clips, or official trailer/clip snippets. Add visible original commentary text."
27,2026-07-04,B,To create,Chainsaw Man Reze Arc,Why this scene works,Why Denji still wants someone to choose his heart,DENJI WAS NOT TALKING ABOUT POWER,State the surface-level scene in one short sentence.,Reveal the emotional or story reason the scene hits.,End with the consequence for the character or franchise.,Which scene should I explain next?,Denji's Heart Line Hits Different | Chainsaw Man Explained,Silent explainer edit: Why Denji still wants someone to choose his heart. This Short adds original context and scene breakdown text.,#denji #chainsawman #animeedit #shorts,"Use only footage you have rights to, YouTube Remix-allowed clips, or official trailer/clip snippets. Add visible original commentary text."
27,2026-07-04,C,To create,Chainsaw Man Reze Arc,Hidden detail you missed,City mouse versus country mouse as the movie's hidden question,THIS FABLE EXPLAINS THE WHOLE MOVIE,Freeze or zoom on the exact detail viewers missed.,Explain what the detail silently tells us.,Connect it to a later payoff or theme.,Which scene should I explain next?,City Mouse vs Country Mouse | Reze Arc Explained,Silent explainer edit: City mouse versus country mouse as the movie's hidden question. This Short adds original context and scene breakdown text.,#chainsawman #reze #animeexplained #shorts,"Use only footage you have rights to, YouTube Remix-allowed clips, or official trailer/clip snippets. Add visible original commentary text."
28,2026-07-05,A,To create,One Piece,Why this scene works,Why Whitebeard's final words still shake the world,ONE LINE CHANGED THE PIRATE WORLD,State the surface-level scene in one short sentence.,Reveal the emotional or story reason the scene hits.,End with the consequence for the character or franchise.,Which scene should I explain next?,Whitebeard's Final Prophecy Explained | One Piece,Silent explainer edit: Why Whitebeard's final words still shake the world. This Short adds original context and scene breakdown text.,#onepiece #whitebeard #animeexplained #shorts,"Use only footage you have rights to, YouTube Remix-allowed clips, or official trailer/clip snippets. Add visible original commentary text."
28,2026-07-05,B,To create,One Piece,Hidden detail you missed,Why Luffy's shock moments work better when everyone else reacts first,LUFFY'S POWER IS IN THE REACTION,Freeze or zoom on the exact detail viewers missed.,Explain what the detail silently tells us.,Connect it to a later payoff or theme.,Which scene should I explain next?,Why Everyone Reacting Makes Luffy Stronger | One Piece,Silent explainer edit: Why Luffy's shock moments work better when everyone else reacts first. This Short adds original context and scene breakdown text.,#luffy #onepiece #animeedit #shorts,"Use only footage you have rights to, YouTube Remix-allowed clips, or official trailer/clip snippets. Add visible original commentary text."
28,2026-07-05,C,To create,Demon Slayer Infinity Castle,Character decision explained,Why spectacle alone is not the reason Infinity Castle works,THE CASTLE IS NOT JUST A COOL BACKGROUND,Show the impossible choice in plain words.,Explain what the character actually wants.,Explain why the decision changes the story.,Which scene should I explain next?,Infinity Castle's Real Trick | Demon Slayer Explained,Silent explainer edit: Why spectacle alone is not the reason Infinity Castle works. This Short adds original context and scene breakdown text.,#demonslayer #infinitycastle #animeexplained #shorts,"Use only footage you have rights to, YouTube Remix-allowed clips, or official trailer/clip snippets. Add visible original commentary text."
29,2026-07-06,A,To create,Stranger Things,Hidden detail you missed,Why music became the perfect weapon against Vecna,THE MUSIC WAS NOT JUST NOSTALGIA,Freeze or zoom on the exact detail viewers missed.,Explain what the detail silently tells us.,Connect it to a later payoff or theme.,Which scene should I explain next?,Why Music Works Against Vecna | Stranger Things Explained,Silent explainer edit: Why music became the perfect weapon against Vecna. This Short adds original context and scene breakdown text.,#strangerthings #vecna #seriesexplained #shorts,"Use only footage you have rights to, YouTube Remix-allowed clips, or official trailer/clip snippets. Add visible original commentary text."
29,2026-07-06,B,To create,Stranger Things,Character decision explained,Why Will's quiet scenes matter more than action scenes,WILL'S SILENCE IS THE CLUE,Show the impossible choice in plain words.,Explain what the character actually wants.,Explain why the decision changes the story.,Which scene should I explain next?,Why Will's Quiet Scenes Matter | Stranger Things,Silent explainer edit: Why Will's quiet scenes matter more than action scenes. This Short adds original context and scene breakdown text.,#strangerthings #willbyers #netflix #shorts,"Use only footage you have rights to, YouTube Remix-allowed clips, or official trailer/clip snippets. Add visible original commentary text."
29,2026-07-06,C,To create,The Dark Knight,Why this scene works,Why Joker's hospital pause makes the explosion funnier and scarier,THE PAUSE MADE THIS SCENE ICONIC,State the surface-level scene in one short sentence.,Reveal the emotional or story reason the scene hits.,End with the consequence for the character or franchise.,Which scene should I explain next?,The Joker Hospital Pause Explained | The Dark Knight,Silent explainer edit: Why Joker's hospital pause makes the explosion funnier and scarier. This Short adds original context and scene breakdown text.,#thedarkknight #joker #movieexplained #shorts,"Use only footage you have rights to, YouTube Remix-allowed clips, or official trailer/clip snippets. Add visible original commentary text."
30,2026-07-07,A,To create,Batman / DC,Character decision explained,Why Batman scenes work best when the villain owns the frame,BATMAN IS NOT ALWAYS THE CENTER,Show the impossible choice in plain words.,Explain what the character actually wants.,Explain why the decision changes the story.,Which scene should I explain next?,Why Villains Steal Batman Scenes | Movie Explained,Silent explainer edit: Why Batman scenes work best when the villain owns the frame. This Short adds original context and scene breakdown text.,#batman #dc #movieexplained #shorts,"Use only footage you have rights to, YouTube Remix-allowed clips, or official trailer/clip snippets. Add visible original commentary text."
30,2026-07-07,B,To create,Gachiakuta,Why this scene works,Why the Watchman reveal works as a mystery payoff,THE REVEAL WORKED BECAUSE OF ONE SETUP,State the surface-level scene in one short sentence.,Reveal the emotional or story reason the scene hits.,End with the consequence for the character or franchise.,Which scene should I explain next?,Watchman Reveal Explained | Gachiakuta,Silent explainer edit: Why the Watchman reveal works as a mystery payoff. This Short adds original context and scene breakdown text.,#gachiakuta #animeexplained #anime #shorts,"Use only footage you have rights to, YouTube Remix-allowed clips, or official trailer/clip snippets. Add visible original commentary text."
30,2026-07-07,C,To create,June/July 2026 Movies,Hidden detail you missed,Use an official trailer moment and explain the one shot that sells the movie,THIS TRAILER SHOT IS DOING ALL THE WORK,Freeze or zoom on the exact detail viewers missed.,Explain what the detail silently tells us.,Connect it to a later payoff or theme.,Which scene should I explain next?,The Trailer Shot That Sells the Movie | Movie Explained,Silent explainer edit: Use an official trailer moment and explain the one shot that sells the movie. This Short adds original context and scene breakdown text.,#movieexplained #trailers #cinema #shorts,"Use only footage you have rights to, YouTube Remix-allowed clips, or official trailer/clip snippets. Add visible original commentary text."
